titulo,contenido,url,fuente,fecha,relevante
Acero al Carbono vs Acero Inoxidable,Comparación técnica general entre acero al carbono y acero inoxidable en aplicaciones industriales básicas sin referencia a México o sector siderúrgico.,https://www.lorca.mx/2025/10/08/acero-al-carbono-vs-acero-inoxidable,LORCA Proyectos Industriales,2025-10-08,0
NiroTherm® Acero inoxidable,Sistema de tuberías de acero inoxidable para instalaciones sanitarias y calefacción enfoque en producto comercial.,https://www.sanha.com/es/Catalogo/Sistemas-de-tuberias/NiroTherm-Acero-inoxidable,Sanha,2025-03-15,0
ExpoAcero - Evento técnico en Veracruz,Conferencias y cursos sobre aplicaciones del acero sin mención a políticas comerciales o crisis del sector.,https://aistmexico.org.mx/en/expoaceroen,AIST Mexico,2025-09-12,0
Protector Umbral Puerta Coche Acero Inoxidable,Protector autoadhesivo de acero inoxidable para umbrales de autos accesorio automotriz.,https://www.amazon.com.mx/Inoxidable-Protector-Autoadhesivo-Guardias-Estribos/dp/B0FRMQ2N3Q,Amazon México,2025-11-20,0
Nervios de Acero: La Nueva Sensación de Farruko,"Canción y promoción musical con título metafórico ""Nervios de Acero"".",https://www.tiktok.com/@farrukoofficialpr/video/7588985002893872415,TikTok - Farruko,2025-07-14,0
Medallón de corazón de acero inoxidable,Joyería con medallón en forma de corazón de acero inoxidable.,https://www.etsy.com/mx/listing/1299996193/medallon-de-corazon-de-acero-inoxidable,Etsy,2025-04-22,0
EVO 3 PUNTAS acero inoxidable estriado,Punta de arpón de acero inoxidable para pesca submarina.,https://evolvediving.com/es/products/evo-3-prong-stainless-steel-knurled,Evo Diving,2025-06-05,0
Jaladores de acero inoxidable modernos,Accesorios decorativos de acero inoxidable para muebles y puertas.,https://www.tiktok.com/@aluminiomayengt/video/7610505155141766421,TikTok,2025-08-19,0
Olla de acero inoxidable de 8 litros,Utensilio de cocina en acero inoxidable 18/10.,https://www.tiktok.com/@almacenes_natacha/video/7609044332972215572,TikTok - Almacenes Natacha,2025-09-03,0
Estufa Gas Portátil 4 Quemadores acero inoxidable,Estufa portátil de acero inoxidable para uso doméstico o camping.,https://www.ebay.com/itm/366079829330,eBay,2025-10-27,0
Cuchillo deshuesador acero inoxidable,Herramienta de cocina con hoja de acero inoxidable alto carbono.,https://www.amazon.com/-/es/Cuchillo-deshuesador-inoxidable-multiusos-deshuesado/dp/B0F5993PG2,Amazon,2025-12-01,0
Barra de protección del motor acero inoxidable Yamaha Ténéré 700,Accesorio de motocicleta en acero inoxidable.,https://www.touratech.com/es/barra-de-proteccion-del-motor-acero-inoxidable-para-yamaha-tenere-700-2024.html,Touratech,2025-02-10,0
Combo SYSTEM termo acero inoxidable,Termos y mates de acero inoxidable en promoción.,https://www.instagram.com/p/DVJDVSyjhlO,Instagram,2025-05-16,0
Ángulos de Acero Inoxidable Industrial,Perfiles de acero inoxidable para usos generales en construcción.,https://carbonestore.com/collections/angulos-acero-inoxidable-industrial,Carbonestore,2025-07-08,0
Acero galvanizado: usos y ventajas en construcción,Guía general sobre aplicaciones de acero galvanizado en edificación.,https://carbonestore.com/blogs/news/acero-galvanizado-usos-y-ventajas-en-construccion,Carbonestore,2025-10-01,0
Charros de Acero “Camino a la Gloria” 2023 Capítulo II,Resumen de temporada de equipo charro deportivo.,https://www.facebook.com/charrosdeacero/videos/charros-de-acero-camino-a-la-gloria-2023-cap%C3%ADtulo-li/1525103121774033,Facebook - Charros de Acero,2024-11-25,0
Joyería de Acero Inoxidable por Mayoreo en México,Venta al por mayor de joyería de acero inoxidable.,https://www.tiktok.com/@fridajoyeriavhsa/video/7595332348116258056,TikTok - Frida Joyería,2025-06-30,0
Placa De Impresión Texturizada Acero 2024,Placa de impresión 3D texturizada en acero.,https://articulo.mercadolibre.com.mx/MLM-2423294507-placa-de-impresion-texturizada-acero-2024-_JM,Mercado Libre,2025-03-18,0
Paquete De 6 Cuencos De Acero Inoxidable Para Salsas,Cuencos pequeños de acero inoxidable para salsas.,https://articulo.mercadolibre.com.mx/MLM-4477103148-paquete-de-6-cuencos-de-acero-inoxidable-para-salsas-_JM,Mercado Libre,2025-09-15,0
Sujetacables de acero inoxidable con revestimiento negro,Accesorios para cables y camping en acero inoxidable.,https://www.etsy.com/mx/listing/1077003789/15-unidades-de-sujetacables-de-acero,Etsy,2025-01-12,0
Cómo soldar acero inoxidable: Técnicas y recomendaciones,Guía técnica general para soldadura de acero inoxidable.,https://www.ulbrinox.com.mx/en/blog/como-soldar-acero-inoxidable-tecnicas-y-recomendaciones,Ulbrinox,2025-04-09,0
Nonferrous Metal Production and Processing,Datos generales de procesamiento de metales no ferrosos en México.,https://www.economia.gob.mx/datamexico/en/profile/industry/nonferrous-metal-except-aluminum-production-and-processing,Data México,2025-02-28,0
Manufacture of Iron and Steel Products,Estadísticas generales de fabricación de productos de hierro y acero.,https://www.economia.gob.mx/datamexico/en/profile/industry/manufacture-of-iron-and-steep-products,Data México,2025-06-20,0
Metal Ore Mining Data México,Inversión extranjera en minería de minerales metálicos.,https://www.economia.gob.mx/datamexico/en/profile/industry/metal-ore-mining,Data México,2025-08-14,0
Acero Jewelry,Joyería moderna con estilo western hecha a mano.,https://www.instagram.com/acerojewelry?hl=en,Instagram - Acero Jewelry,2025-03-05,0
Accesorios de acero inoxidable para camiones,Piezas funcionales de acero inoxidable para camiones.,https://www.highbarbrands.com/es/about-dieters,Highbar Brands,2025-07-22,0
Hapiship dijes enlaces italianos acero inoxidable,Dije para pulsera de acero inoxidable 9mm.,https://es.aliexpress.com/item/1005007071112962.html,AliExpress,2025-11-08,0
Escultura de acero,Imágenes stock de esculturas hechas de acero.,https://www.alamy.com/stock-photo/escultura-de-acero.html,Alamy,2025-04-30,0
PARTY ACERO,Diseño de interiores por estudio Comité de Proyectos.,https://comitedeproyectos.mx/en?attachment_id=4806,Comité de Proyectos,2025-09-27,0
Acero-López Andrés Esteban,Perfil académico en ingeniería industrial.,https://research.tec.mx/vivo-tec/display/PID_488674,Tecnológico de Monterrey,2025-01-15,0
Nervios de Acero: El Nuevo Éxito de Farruko,Promoción adicional de canción con título metafórico.,https://www.tiktok.com/@farrukoofficialpr/video/7586413667588066590,TikTok - Farruko,2025-07-02,0
El mexicano que tenía acero en los nudillos,"Historia o anécdota con uso metafórico de ""acero"".",https://www.facebook.com/100093585372608/posts/el-mexicano-que-ten%C3%ADa-acero-en-los-nudillos/465756573220518,Facebook,2025-05-11,0
Juguetes de Acero: Innovaciones Mexicanas para 2024,Juguetes artesanales de acero (modelos).,https://www.tiktok.com/@chilangoslowbikeclub/video/7331601439095000325,TikTok,2024-12-18,0
Big 12 athletics league is coming to Mexico,Evento deportivo universitario en México mención incidental.,https://mexiconewsdaily.com/lifestyle/big-12-athletics-league-is-coming-to-mexico-this-year,Mexico News Daily,2024-01-31,0
Church in Mexico supporting families of the 'disappeared',Mención a Bishop Acero en contexto religioso/social.,https://www.vaticannews.va/en/church/news/2025-06/mexico-disappared-catholic-church-support-families-criminality.html,Vatican News,2025-06-09,0
ZINKPOWER Hidalgo,Planta de galvanizado en Hidalgo enfoque en instalaciones.,https://www.zinkpower.com/es/emplazamientos/zinkpower-hidalgo/lid=70,ZINKPOWER,2025-03-25,0
Rodrigo Inurreta Acero,Perfil profesional en energías renovables.,https://replus2024.eventscribe.net/fsPopup.asp?HPRID=2332544&mode=presenterinfo,RE+ 2024,2025-02-14,0
Tubos de Acero MX,Registros de importación general sin contexto crítico.,https://www.importinfo.com/tubos-de-acero-mx,ImportInfo,2025-04-03,0
INGETEK inaugurates new plant in Juárez,Inauguración de planta de manufactura de acero sin crisis.,https://mexico-now.com/ingetek-inaugurates-new-plant-in-juarez,Mexico-NOW,2024-07-17,0
Resistencia a la Corrosion de un Acero API X70,Estudio técnico sobre recubrimiento en acero API.,https://ciencialatina.org/index.php/cienciala/article/view/13594/19528,Ciencia Latina,2024-09-10,0
Effect of stainless-steel wire internal fixation,Estudio médico sobre alambre de acero inoxidable en cirugía.,https://www.scielo.org.mx/scielo.php?pid=S2444-054X2024000200211&script=sci_arttext,SciELO México,2024-10-22,0
Practical Data for Metallurgists,Guía técnica para metalurgistas sin enfoque sectorial México.,https://metallus.com.mx/wp-content/uploads/2025/09/Practical-Data-Guide-For-Metallurgists-Metallus-2024-1.pdf,Metallus,2025-09-05,0
Charros de Acero La Liga 2024,Promoción de liga deportiva charra.,https://www.tiktok.com/@charrosdeacero/video/7369057793250315526,TikTok - Charros de Acero,2024-10-29,0
"Diferencias entre acero al carbono, inoxidable y aluminio",Video comparativo de propiedades materiales.,https://www.tiktok.com/@iminox/video/7393780108315692294,TikTok - Iminox,2024-12-05,0
Espaciador de acero inoxidable,Componente técnico de acero inoxidable.,https://steelmadeusa.com/es/products/stainless-steel-spacer,Steel Made USA,2025-01-28,0
NiroTherm® Industry Acero inoxidable,Variante industrial de tuberías de acero inoxidable.,https://www.sanha.com/es/Catalogo/Sistemas-de-tuberias/NiroTherm-Industry-Acero-inoxidable,Sanha,2025-05-07,0
Tubacex en Duplex World Conference 2024,Participación en conferencia sobre acero inoxidable.,https://www.tubacex.com/es/tubacex-en-la-duplex-world-conference-and-expo-2024,Tubacex,2024-11-19,0
,,,,,
,,,,,
,,,,,
,,,,,
,,,,,
,,,,,
,,,,,
,,,,,
,,,,,
,,,,,
,,,,,
,,,,,
,,,,,
,,,,,
,,,,,
,,,,,
,,,,,
,,,,,
,,,,,
,,,,,
,,,,,
,,,,,
,,,,,
,,,,,
,,,,,
,,,,,
,,,,,
,,,,,
,,,,,
,,,,,
,,,,,
,,,,,
,,,,,
,,,,,
,,,,,
,,,,,
,,,,,
,,,,,
,,,,,
,,,,,
,,,,,
,,,,,
,,,,,
,,,,,
,,,,,
,,,,,
,,,,,
,,,,,
,,,,,
